{
	"meta" : 	{
		"filename" : "old_bell9A.wav",
		"duration" : 4667.233560090702667,
		"time_centroid" : 158.191626336210931
	}
,
	"settings" : 	{
		"numpeaks" : 32,
		"normalize" : 1,
		"centroid_analysis" : 1
	}
,
	"model" : [ 2415.529052734375, 1.0, -0.02828062325716, 863.888427734375, 0.609150496392669, -0.027584679424763, 3782.134033203125, 0.174792365021319, 0.007657554000616, 5261.12109375, 0.095217237110384, -0.006969638168812, 4018.232666015625, 0.076849104091964, -0.003628290258348, 2550.613525390625, 0.057251594844534, -0.002422441728413, 5522.71142578125, 0.042226200079041, -0.002755420748144, 4079.104736328125, 0.03238792086183, -0.000627926783636, 2892.935546875, 0.026788731660952, 0.000275638885796, 6497.458984375, 0.020422032444497, 0.000555883627385, 4116.45263671875, 0.019003217200857, 0.000731775304303, 6084.712890625, 0.016680836566493, 0.000197076238692, 3285.19677734375, 0.015793039402812, 0.000238260952756, 2845.745849609375, 0.01490716191019, 0.000127060804516, 5697.75830078125, 0.014269381796265, 0.000004397938028, 2333.851318359375, 0.013646860269934, 0.000115476781502, 1147.1849365234375, 0.012638756726471, 0.000206831027754, 7001.88720703125, 0.011963960878768, 0.00012827955652, 5609.34423828125, 0.011379155294102, 0.000014654709958, 3776.897705078125, 0.011005252150088, -0.000042271800339, 5932.236328125, 0.010538110337909, 0.0000454246765, 3789.45166015625, 0.010273531411777, 0.00002625468187, 4305.880859375, 0.009765551132876, 0.000027601490729, 4900.34765625, 0.00950857571261, 0.000016586156562, 7047.33544921875, 0.009005608782311, -0.000046883127652, 6850.23828125, 0.008785584407454, -0.000014998484403, 1484.4039306640625, 0.00747944406438, 0.00032451300649, 9249.021484375, 0.006696264602648, 0.000282710010651, 4931.5341796875, 0.005725241481332, 0.000155691988766, 5258.50634765625, 0.005347511233537, 0.000117475166917, 4953.94384765625, 0.005074926247567, 0.000068752327934, 610.91656494140625, 0.004933227686387, 0.000040803512093 ]
}
